CODMICRO;CODMESO;UF;REGIAO;MICROREGIAO;LAT;LONG;IDHM2010;ESCALA_IDH;POP;AREA;DENSID
350835;3508;SP;SE;ADAMANTINA;-21,6297288;-51,04508047;0,749446021;ALTO;158.107;3.660;43,2
320307;3203;ES;SE;AFONSO CLAUDIO;-20,22529239;-41,01622205;0,681305012;MEDIO;143.588;3.824;37,5
210102;2101;MA;NE;AGLOMERACAO URBANA DE SAO LUIS;-2,524171559;-44,15877262;0,750546242;ALTO;1.458.836;970;1504,2
280204;2802;SE;NE;AGRESTE DE ITABAIANA;-10,70194567;-37,42872435;0,621247245;MEDIO;179.417;1.124;159,7
280206;2802;SE;NE;AGRESTE DE LAGARTO;-10,90013823;-37,68423555;0,611863861;MEDIO;119.892;1.500;80
240315;2403;RN;NE;AGRESTE POTIGUAR;-6,201813225;-35,52190818;0,5989984;BAIXO;235.599;3.525;66,8
310841;3108;MG;SE;AIMORES;-19,49042197;-41,43228671;0,65906085;MEDIO;149.286;8.315;18
270102;2701;AL;NE;ALAGOANA DO SERTAO DO SAO FRANCISCO;-9,468759173;-37,89879497;0,596851538;BAIXO;82.277;1.360;60,5
290417;2904;BA;NE;ALAGOINHAS;-11,72200899;-38,10843813;0,621269148;MEDIO;307.069;5.620;54,6
320411;3204;ES;SE;ALEGRE;-20,60495093;-41,58450713;0,670584875;MEDIO;165.567;3.454;47,9
311049;3110;MG;SE;ALFENAS;-21,40073545;-46,03622994;0,725127338;ALTO;233.277;4.992;46,7
150103;1501;PA;N;ALMEIRIM;0,142311514;-53,73231756;0,566636631;BAIXO;74.877;90.378;0,8
310314;3103;MG;SE;ALMENARA;-16,33634749;-40,67814257;0,609419259;MEDIO;176.967;15.440;11,5
510102;5101;MT;CO;ALTA FLORESTA;-9,421462948;-57,32075363;0,692450627;MEDIO;111.154;51.376;2,2
150515;1505;PA;N;ALTAMIRA;-5,739723267;-53,47828554;0,601230843;MEDIO;332.754;226.197;1,5
510522;5105;MT;CO;ALTO ARAGUAIA;-17,29959495;-53,44122028;0,703313422;ALTO;41.149;10.697;3,8
260309;2603;PE;NE;ALTO CAPIBARIBE;-7,876076339;-35,9985683;0,621972904;MEDIO;298.380;1.780;167,7
510312;5103;MT;CO;ALTO GUAPORE;-14,67457498;-59,56086199;0,684736965;MEDIO;82.126;31.397;2,6
210311;2103;MA;NE;ALTO MEARIM E GRAJAU;-5,731583615;-45,5481867;0,570830189;BAIXO;318.366;36.819;8,6
220415;2204;PI;NE;ALTO MEDIO CANINDE;-7,972342457;-41,28620979;0,564861899;BAIXO;264.596;31.554;8,4
220310;2203;PI;NE;ALTO MEDIO GURGUEIA;-9,4088363;-45,11858961;0,59765158;BAIXO;95.913;27.752;3,5
510418;5104;MT;CO;ALTO PANTANAL;-16,53205189;-57,1368713;0,68828069;MEDIO;132.851;53.384;2,5
510415;5104;MT;CO;ALTO PARAGUAI;-14,5781648;-57,05928038;0,685094805;MEDIO;30.589;6.674;4,6
220307;2203;PI;NE;ALTO PARNAIBA PIAUIENSE;-8,396826324;-45,34153165;0,599384793;BAIXO;50.726;25.503;2
130203;1302;AM;N;ALTO SOLIMOES;-4,645398625;-69,59958881;0,54933706;BAIXO;262.013;213.312;1,2
500203;5002;MS;CO;ALTO TAQUARI;-18,52364332;-54,09438139;0,699126941;MEDIO;124.664;41.670;3
510106;5101;MT;CO;ALTO TELES PIRES;-13,03956469;-55,39306904;0,745228651;ALTO;310.071;54.446;5,7
110205;1102;RO;N;ALVORADA D'OESTE;-11,57108296;-62,84845354;0,63589325;MEDIO;61.602;15.966;3,9
160102;1601;AP;N;AMAPA;1,563110834;-51,0137311;0,61147333;MEDIO;24.691;20.088;1,2
350733;3507;SP;SE;AMPARO;-22,67645716;-46,62000422;0,755790972;ALTO;193.266;1.630;118,5
520307;5203;GO;CO;ANAPOLIS;-15,99496042;-49,48971522;0,72604116;ALTO;624.173;8.345;74,8
350316;3503;SP;SE;ANDRADINA;-20,92586846;-51,27056249;0,764100701;ALTO;187.873;6.886;27,3
311055;3110;MG;SE;ANDRELANDIA;-21,89455547;-44,40864056;0,679935355;MEDIO;74.314;5.053;14,7
240209;2402;RN;NE;ANGICOS;-5,67781103;-36,34001218;0,600163864;MEDIO;49.663;4.080;12,2
520309;5203;GO;CO;ANICUNS;-16,46457295;-50,20150551;0,717309826;ALTO;110.604;5.514;20,1
410310;4103;PR;S;APUCARANA;-23,67985105;-51,43361695;0,741570375;ALTO;318.857;2.278;140
500102;5001;MS;CO;AQUIDAUANA;-20,21902153;-55,85969164;0,664041963;MEDIO;107.546;27.903;3,9
280311;2803;SE;NE;ARACAJU;-10,89530868;-37,10027818;0,73166539;ALTO;932.210;867;1074,6
350317;3503;SP;SE;ARACATUBA;-21,16911101;-50,73461136;0,775417957;ALTO;278.775;5.365;52
310312;3103;MG;SE;ARACUAI;-16,97931456;-41,88333039;0,605414459;MEDIO;142.786;10.272;13,9
520103;5201;GO;CO;ARAGARCAS;-16,19579261;-51,83084083;0,709658794;ALTO;55.043;11.049;5
170102;1701;TO;N;ARAGUAINA;-7,445521877;-48,43615296;0,709680213;ALTO;294.996;26.437;11,2
270206;2702;AL;NE;ARAPIRACA;-9,76680232;-36,63605129;0,600683822;MEDIO;431.874;2.434;177,4
420620;4206;SC;S;ARARANGUA;-29,0202696;-49,89060801;0,737775409;ALTO;222.182;2.967;74,9
350524;3505;SP;SE;ARARAQUARA;-21,68057346;-48,43554368;0,777216228;ALTO;540.518;6.266;86,3
150206;1502;PA;N;ARARI;-0,529523489;-49,3842999;0,556316033;BAIXO;170.868;27.615;6,2
260101;2601;PE;NE;ARARIPINA;-8,016573878;-40,18324532;0,578770437;BAIXO;319.438;11.545;27,7
310523;3105;MG;SE;ARAXA;-19,5591811;-47,02281746;0,743287578;ALTO;232.073;14.098;16,5
510105;5101;MT;CO;ARINOS;-12,26022187;-57,09896764;0,681636849;MEDIO;74.407;54.917;1,4
510101;5101;MT;CO;ARIPUANA;-11,33769779;-59,34157414;0,671178507;MEDIO;145.490;124.054;1,2
110203;1102;RO;N;ARIQUEMES;-9,516582839;-62,57799699;0,661226453;MEDIO;170.817;24.334;7
410414;4104;PR;S;ASSAI;-23,41996373;-50,81741555;0,698608868;MEDIO;65.970;2.238;29,5
351039;3510;SP;SE;ASSIS;-22,54479535;-50,58492198;0,769205127;ALTO;269.077;7.137;37,7
410306;4103;PR;S;ASTORGA;-23,06203243;-51,88278536;0,721448401;ALTO;202.241;5.117;39,5
350106;3501;SP;SE;AURIFLAMA;-20,63524596;-50,40544309;0,748962916;ALTO;43.145;2.314;18,6
350422;3504;SP;SE;AVARE;-23,21270669;-48,93913744;0,73854956;ALTO;199.991;5.908;33,9
330409;3304;RJ;SE;BACIA DE SAO JOAO;-22,50736047;-42,19715839;0,751977473;ALTO;223.953;1.629;137,5
330513;3305;RJ;SE;BAIA DA ILHA GRANDE;-23,08940288;-44,53696658;0,717447492;ALTO;212.290;1.738;122,2
240313;2403;RN;NE;BAIXA VERDE;-5,479008654;-35,87362624;0,586057898;BAIXO;61.850;1.920;32,2
210105;2101;MA;NE;BAIXADA MARANHENSE;-3,001074966;-45,11981766;0,587322755;BAIXO;574.534;17.101;33,6
280310;2803;SE;NE;BAIXO COTINGUIBA;-10,75269387;-37,0804592;0,633560095;MEDIO;85.282;742;114,9
230209;2302;CE;NE;BAIXO CURU;-3,507723157;-39,12310337;0,648334048;MEDIO;124.928;1.437;87
230523;2305;CE;NE;BAIXO JAGUARIBE;-5,06025153;-38,26529157;0,644816604;MEDIO;317.903;9.922;32
500101;5001;MS;CO;BAIXO PANTANAL;-19,43815679;-56,88653743;0,697312509;MEDIO;130.649;82.292;1,6
210413;2104;MA;NE;BAIXO PARNAIBA MARANHENSE;-3,128973778;-42,2753596;0,540392526;BAIXO;126.468;6.035;21
220101;2201;PI;NE;BAIXO PARNAIBA PIAUIENSE;-4,037376803;-42,10517221;0,576585095;BAIXO;344.293;12.498;27,5
351352;3513;SP;SE;BANANAL;-22,7159997;-44,57289583;0,702851862;ALTO;25.915;2.064;12,6
311159;3111;MG;SE;BARBACENA;-21,20697677;-43,78074621;0,731257849;ALTO;221.862;3.364;65,9
290206;2902;BA;NE;BARRA;-11,23220354;-43,07168059;0,577142924;BAIXO;172.483;32.551;5,3
320101;3201;ES;SE;BARRA DE SAO FRANCISCO;-18,46422131;-40,86806047;0,669930259;MEDIO;89.302;4.025;22,2
330512;3305;RJ;SE;BARRA DO PIRAI;-22,26369874;-43,84407422;0,732199263;ALTO;169.590;2.364;71,7
290101;2901;BA;NE;BARREIRAS;-11,98999822;-45,5980939;0,684738641;MEDIO;365.069;52.880;6,9
350209;3502;SP;SE;BARRETOS;-20,55638614;-48,64568737;0,781443988;ALTO;147.601;2.717;54,3
230731;2307;CE;NE;BARRO;-7,163555163;-38,82774838;0,603688346;MEDIO;88.656;2.676;33,1
270104;2701;AL;NE;BATALHA;-9,660852682;-37,08987967;0,556796821;BAIXO;88.843;1.797;49,4
350215;3502;SP;SE;BATATAIS;-21,04908893;-47,4080615;0,741327036;ALTO;110.740;3.089;35,9
230213;2302;CE;NE;BATURITE;-4,404003691;-38,86435373;0,617486983;MEDIO;185.982;2.706;68,7
350420;3504;SP;SE;BAURU;-22,33828074;-49,24813463;0,779938001;ALTO;609.545;8.511;71,6
150307;1503;PA;N;BELEM;-1,418636224;-48,47823676;0,727255144;ALTO;2.103.988;3.130;672,3
310730;3107;MG;SE;BELO HORIZONTE;-19,8720278;-44,08699452;0,767006332;ALTO;5.000.957;5.819;859,4
220308;2203;PI;NE;BERTOLINIA;-7,340048944;-43,97635119;0,593989659;BAIXO;41.197;11.092;3,7
170101;1701;TO;N;BICO DO PAPAGAIO;-6,132411213;-48,04586517;0,629579451;MEDIO;202.747;15.768;12,9
350318;3503;SP;SE;BIRIGUI;-21,37344528;-50,28878774;0,759502317;ALTO;271.022;4.510;60,1
420412;4204;SC;S;BLUMENAU;-26,89789411;-49,18706466;0,787751421;ALTO;824.626;4.745;173,8
140101;1401;RR;N;BOA VISTA;3,667346502;-62,19540111;0,730354527;ALTO;467.784;67.640;6,9
130411;1304;AM;N;BOCA DO ACRE;-7,639100266;-67,82651587;0,555487851;BAIXO;54.820;63.563;0,9
310209;3102;MG;SE;BOCAIUVA;-17,37145412;-43,74132815;0,683579978;MEDIO;69.325;7.874;8,8
500409;5004;MS;CO;BODOQUENA;-21,45247918;-56,21233214;0,680396123;MEDIO;106.015;23.069;4,6
310626;3106;MG;SE;BOM DESPACHO;-19,67605758;-45,51980495;0,725679583;ALTO;178.895;7.495;23,9
290207;2902;BA;NE;BOM JESUS DA LAPA;-13,58416036;-43,71928479;0,602579545;MEDIO;176.932;14.411;12,3
280312;2803;SE;NE;BOQUIM;-11,32291689;-37,7188828;0,577522598;BAIXO;156.338;1.838;85,1
290622;2906;BA;NE;BOQUIRA;-12,73742953;-42,50950872;0,588936842;BAIXO;180.278;16.265;11,1
240314;2403;RN;NE;BORBOREMA POTIGUAR;-6,204578734;-35,99208916;0,609291834;MEDIO;130.941;3.904;33,5
350423;3504;SP;SE;BOTUCATU;-22,93325594;-48,36236484;0,775520167;ALTO;226.089;4.375;51,7
351248;3512;SP;SE;BRAGANCA PAULISTA;-23,02382168;-46,55821384;0,759141825;ALTO;605.491;3.131;193,4
150410;1504;PA;N;BRAGANTINA;-0,984350552;-46,8825806;0,591380948;BAIXO;403.989;8.755;46,1
120205;1202;AC;N;BRASILEIA;-10,75110305;-69,32192013;0,61747789;MEDIO;71.100;15.911;4,5
530101;5301;DF;CO;BRASILIA;-15,83533476;-47,65190137;0,824;MUITO ALTO;2.817.068;5.761;489
250315;2503;PB;NE;BREJO PARAIBANO;-6,912560508;-35,66954137;0,575048347;BAIXO;113.327;1.168;97
260312;2603;PE;NE;BREJO PERNAMBUCANO;-8,510439334;-35,84073483;0,574587771;BAIXO;210.257;2.542;82,7
230733;2307;CE;NE;BREJO SANTO;-7,539583993;-38,9695839;0,640641983;MEDIO;103.861;1.933;53,7
290627;2906;BA;NE;BRUMADO;-14,41417974;-41,50245778;0,593249404;BAIXO;232.815;15.398;15,1
430422;4304;RS;S;CACHOEIRA DO SUL;-30,10345387;-52,71324556;0,716309934;ALTO;144.850;7.582;19,1
320412;3204;ES;SE;CACHOEIRO DE ITAPEMIRIM;-20,85205787;-41,30376019;0,724322491;ALTO;330.967;4.109;80,5
110206;1102;RO;N;CACOAL;-12,13655606;-61,8842414;0,686842608;MEDIO;230.457;24.526;9,4
250102;2501;PB;NE;CAJAZEIRAS;-6,844130581;-38,51520147;0,628150507;MEDIO;173.175;3.419;50,6
430528;4305;RS;S;CAMAQUA;-30,633036;-51,80490188;0,676293717;MEDIO;131.191;6.168;21,3
150411;1504;PA;N;CAMETA;-2,634048996;-49,57545913;0,582378541;BAIXO;499.455;16.662;30
430630;4306;RS;S;CAMPANHA CENTRAL;-30,54631367;-55,08396095;0,711465174;ALTO;182.134;17.299;10,5
430631;4306;RS;S;CAMPANHA MERIDIONAL;-31,09502363;-54,09818675;0,726775726;ALTO;172.222;14.259;12,1
430629;4306;RS;S;CAMPANHA OCIDENTAL;-29,48445086;-55,84259252;0,728183272;ALTO;344.336;31.106;11,1
250317;2503;PB;NE;CAMPINA GRANDE;-7,307500294;-35,92633973;0,69297371;MEDIO;547.437;2.092;261,6
350732;3507;SP;SE;CAMPINAS;-22,895702;-47,17823652;0,790853556;ALTO;2.966.085;3.082;962,3
310945;3109;MG;SE;CAMPO BELO;-20,9101076;-45,24312789;0,704064959;ALTO;113.702;2.699;42,1
500204;5002;MS;CO;CAMPO GRANDE;-20,63834459;-54,51295094;0,773815118;ALTO;992.596;28.243;35,1
220204;2202;PI;NE;CAMPO MAIOR;-4,991399803;-41,62193754;0,584178804;BAIXO;221.735;24.342;9,1
410205;4102;PR;S;CAMPO MOURAO;-24,265438;-52,29335074;0,727679597;ALTO;226.449;7.070;32
420310;4203;SC;S;CAMPOS DE LAGES;-27,87346284;-50,24496211;0,733980268;ALTO;293.578;15.732;18,7
351349;3513;SP;SE;CAMPOS DO JORDAO;-22,76844304;-45,68317879;0,737460624;ALTO;69.929;1.008;69,4
330203;3302;RJ;SE;CAMPOS DOS GOYTACAZES;-21,61158608;-41,42334051;0,704704954;ALTO;617.080;7.160;86,2
510210;5102;MT;CO;CANARANA;-13,43956363;-52,73532237;0,67868335;MEDIO;136.741;60.339;2,3
230212;2302;CE;NE;CANINDE;-4,341622022;-39,3449913;0,598404997;BAIXO;121.359;5.328;22,8
420206;4202;SC;S;CANOINHAS;-26,36512419;-50,25672518;0,738351173;ALTO;250.945;9.419;26,6
330306;3303;RJ;SE;CANTAGALO-CORDEIRO;-21,94463042;-42,40227494;0,711541904;ALTO;62.786;1.244;50,5
410725;4107;PR;S;CAPANEMA;-25,78995088;-53,61465838;0,710949451;ALTO;103.781;2.318;44,8
351144;3511;SP;SE;CAPAO BONITO;-24,320575;-48,63409433;0,694454886;MEDIO;134.137;6.537;20,5
310311;3103;MG;SE;CAPELINHA;-17,44404458;-42,65179666;0,6401845;MEDIO;185.046;12.008;15,4
140203;1402;RR;N;CARACARAI;1,31428141;-61,44241122;0,63051778;MEDIO;49.044;73.729;0,7
351354;3513;SP;SE;CARAGUATATUBA;-23,52292073;-45,24254911;0,759613884;ALTO;344.329;1.942;177,3
310840;3108;MG;SE;CARATINGA;-19,55372707;-42,07096949;0,657956226;MEDIO;258.602;5.522;46,8
430109;4301;RS;S;CARAZINHO;-27,99857418;-53,08089116;0,746511171;ALTO;162.742;4.936;33
280102;2801;SE;NE;CARIRA;-10,43315739;-37,61791528;0,592687277;BAIXO;69.189;1.876;36,9
230732;2307;CE;NE;CARIRI;-7,266141065;-39,3654108;0,68267713;MEDIO;605.839;4.526;133,9
250210;2502;PB;NE;CARIRI OCIDENTAL;-7,721563784;-36,93826792;0,605721864;MEDIO;124.964;7.012;17,8
250211;2502;PB;NE;CARIRI ORIENTAL;-7,579873545;-36,23450174;0,597336194;BAIXO;66.304;4.224;15,7
230730;2307;CE;NE;CARIRIACU;-6,957871246;-39,45901064;0,599342415;BAIXO;56.160;1.349;41,6
230215;2302;CE;NE;CASCAVEL;-25,02808123;-53,19966571;0,73147692;ALTO;650.581;11.025;59
500305;5003;MS;CO;CASSILANDIA;-18,93733898;-52,58619175;0,730717527;ALTO;83.528;16.131;5,2
150308;1503;PA;N;CASTANHAL;-1,394614396;-48,04117473;0,654244969;MEDIO;327.450;3.752;87,3
311266;3112;MG;SE;CATAGUASES;-21,51502471;-42,62592513;0,724887517;ALTO;208.235;3.916;53,2
520517;5205;GO;CO;CATALAO;-17,82737202;-47,95000178;0,747594332;ALTO;179.504;15.203;11,8
350105;3501;SP;SE;CATANDUVA;-21,07060901;-48,88458805;0,761777108;ALTO;219.604;2.282;96,2
250101;2501;PB;NE;CATOLE DO ROCHA;-6,345032952;-37,61729714;0,599498888;BAIXO;117.846;3.036;38,8
290519;2905;BA;NE;CATU;-12,44728806;-38,32527283;0,660193803;MEDIO;204.698;2.777;73,7
210417;2104;MA;NE;CAXIAS;-5,310460888;-43,4837395;0,61673993;MEDIO;434.203;15.340;28,3
430216;4302;RS;S;CAXIAS DO SUL;-29,07649844;-51,27921648;0,778548942;ALTO;837.142;4.970;168,4
520306;5203;GO;CO;CERES;-14,97915027;-49,46777014;0,72079121;ALTO;252.148;13.170;19,1
411035;4110;PR;S;CERRO AZUL;-24,76145799;-49,10129793;0,588460711;BAIXO;28.087;3.468;8,1
430106;4301;RS;S;CERRO LARGO;-28,10711948;-54,84518315;0,730053694;ALTO;63.638;2.254;28,2
240102;2401;RN;NE;CHAPADA DO APODI;-5,624171901;-37,74174315;0,630862799;MEDIO;73.549;4.096;18
230729;2307;CE;NE;CHAPADA DO ARARIPE;-6,981776837;-40,03757084;0,585971351;BAIXO;92.081;4.485;20,5
520205;5202;GO;CO;CHAPADA DOS VEADEIROS;-13,70685245;-47,34171937;0,665251482;MEDIO;68.478;21.362;3,2
210521;2105;MA;NE;CHAPADAS DAS MANGABEIRAS;-7,192860735;-45,3363988;0,589491921;BAIXO;71.355;16.973;4,2
210418;2104;MA;NE;CHAPADAS DO ALTO ITAPECURU;-6,41056479;-44,38665647;0,578947808;BAIXO;209.286;25.022;8,4
220312;2203;PI;NE;CHAPADAS DO EXTREMO SUL PIAUIENSE;-10,18546185;-44,51612873;0,593737059;BAIXO;83.939;17.851;4,7
210414;2104;MA;NE;CHAPADINHA;-3,666306646;-43,28777867;0,574829807;BAIXO;244.528;10.797;22,6
420102;4201;SC;S;CHAPECO;-26,80787791;-52,98694407;0,766537464;ALTO;500.242;6.059;82,6
230214;2302;CE;NE;CHOROZINHO;-4,461040954;-38,52731005;0,604354408;MEDIO;67.047;1.320;50,8
410103;4101;PR;S;CIANORTE;-23,6399851;-52,80456267;0,734241262;ALTO;153.870;4.074;37,8
130306;1303;AM;N;COARI;-3,84281392;-63,49303033;0,568120946;BAIXO;155.392;112.082;1,4
210415;2104;MA;NE;CODO;-4,494876537;-44,02835159;0,575687163;BAIXO;256.220;9.920;25,8
210416;2104;MA;NE;COELHO NETO;-4,457885877;-43,31168327;0,54285232;BAIXO;81.311;3.608;22,5
320103;3201;ES;SE;COLATINA;-19,38863836;-40,77898122;0,721171318;ALTO;208.793;4.359;47,9
510103;5101;MT;CO;COLIDER;-10,45271691;-55,10608848;0,691550952;MEDIO;148.630;42.775;3,5
110208;1102;RO;N;COLORADO DO OESTE;-13,19598277;-61,1557609;0,670813505;MEDIO;46.591;14.624;3,2
150622;1506;PA;N;CONCEICAO DO ARAGUAIA;-8,411521732;-50,13299246;0,605548746;MEDIO;111.476;31.195;3,6
310728;3107;MG;SE;CONCEICAO DO MATO DENTRO;-18,7581916;-43,33353344;0,614457845;MEDIO;89.290;6.815;13,1
420105;4201;SC;S;CONCORDIA;-27,18125779;-52,09375742;0,777686213;ALTO;159.245;3.131;50,9
310734;3107;MG;SE;CONSELHEIRO LAFAIETE;-20,66370158;-43,9140779;0,74147534;ALTO;270.495;2.944;91,9
230103;2301;CE;NE;COREAU;-3,502033096;-40,68845725;0,59398576;BAIXO;58.569;2.073;28,3
410415;4104;PR;S;CORNELIO PROCOPIO;-23,24785308;-50,56850632;0,721354814;ALTO;167.344;4.538;36,9
290102;2901;BA;NE;COTEGIPE;-11,56157376;-44,41651004;0,602299358;MEDIO;116.152;22.631;5,1
280308;2803;SE;NE;COTINGUIBA;-10,53722251;-37,1220031;0,611665236;MEDIO;47.756;769;62,1
420619;4206;SC;S;CRICIUMA;-28,57132423;-49,43575887;0,771902553;ALTO;423.084;2.106;200,9
430111;4301;RS;S;CRUZ ALTA;-28,70770241;-53,45796227;0,742578329;ALTO;141.864;7.754;18,3
120101;1201;AC;N;CRUZEIRO DO SUL;-8,491626002;-72,93166601;0,622397541;MEDIO;153.954;31.949;4,8
510417;5104;MT;CO;CUIABA;-15,9306561;-55,87225501;0,763964658;ALTO;997.560;26.662;37,4
250312;2503;PB;NE;CURIMATAU OCIDENTAL;-6,84460606;-35,9834079;0,585444202;BAIXO;118.741;3.910;30,4
250313;2503;PB;NE;CURIMATAU ORIENTAL;-6,627146463;-35,65407018;0,567003763;BAIXO;88.233;1.352;65,3
411037;4110;PR;S;CURITIBA;-25,37916409;-49,2170113;0,77752142;ALTO;3.387.552;8.541;396,6
420309;4203;SC;S;CURITIBANOS;-27,30676045;-50,83068692;0,71058856;ALTO;129.426;6.596;19,6
310625;3106;MG;SE;CURVELO;-18,41633792;-44,34145226;0,688321753;MEDIO;153.537;13.741;11,2
310310;3103;MG;SE;DIAMANTINA;-18,16823433;-43,60700509;0,683417922;MEDIO;83.987;7.367;11,4
170208;1702;TO;N;DIANOPOLIS;-12,19796525;-47,38127645;0,644056188;MEDIO;113.067;46.950;2,4
310943;3109;MG;SE;DIVINOPOLIS;-20,10620379;-44,97946431;0,738847936;ALTO;564.343;5.090;110,9
500410;5004;MS;CO;DOURADOS;-21,76498905;-55,36998273;0,715935622;ALTO;600.031;37.479;16
350834;3508;SP;SE;DRACENA;-21,37677986;-51,63514617;0,750633881;ALTO;124.050;2.864;43,3
520412;5204;GO;CO;ENTORNO DE BRASILIA;-15,91246901;-47,76282166;0,700292915;ALTO;1.350.540;38.108;35,4
290418;2904;BA;NE;ENTRE RIOS;-11,80252561;-37,80251753;0,585742227;BAIXO;111.889;4.352;25,7
430104;4301;RS;S;ERECHIM;-27,61941031;-52,31027602;0,750877868;ALTO;213.965;5.725;37,4
250314;2503;PB;NE;ESPERANCA;-7,045315021;-35,87732278;0,611790712;MEDIO;55.211;272;203,1
280313;2803;SE;NE;ESTANCIA;-11,24609415;-37,45487486;0,604911356;MEDIO;129.654;2.029;63,9
290414;2904;BA;NE;EUCLIDES DA CUNHA;-10,59532797;-39,41128425;0,560761378;BAIXO;305.835;19.092;16
410312;4103;PR;S;FAXINAL;-23,87881794;-51,5207148;0,700345816;ALTO;46.065;2.265;20,3
290312;2903;BA;NE;FEIRA DE SANTANA;-12,31666095;-39,33548737;0,663674089;MEDIO;1.066.581;12.740;83,7
260519;2605;PE;NE;FERNANDO DE NORONHA;-3,860503714;-32,42942992;0,788;ALTO;3.167;19;170,2
350102;3501;SP;SE;FERNANDOPOLIS;-20,19030755;-50,2774745;0,778919098;ALTO;115.597;2.810;41,1
410308;4103;PR;S;FLORAI;-23,57345739;-52,1318088;0,742036799;ALTO;38.751;1.300;29,8
220309;2203;PI;NE;FLORIANO;-7,112376119;-43,30566494;0,642292577;MEDIO;122.566;18.451;6,6
420516;4205;SC;S;FLORIANOPOLIS;-27,67131441;-48,73177194;0,808747491;MUITO ALTO;1.177.132;2.878;409,1
310944;3109;MG;SE;FORMIGA;-20,4184376;-45,39974092;0,737606967;ALTO;160.437;4.561;35,2
230316;2303;CE;NE;FORTALEZA;-3,947923287;-38,67238031;0,730063876;ALTO;3.448.358;3.326;1036,7
410624;4106;PR;S;FOZ DO IGUACU;-25,2509629;-53,97062126;0,744090999;ALTO;462.697;5.579;82,9
350212;3502;SP;SE;FRANCA;-20,51182547;-47,42767974;0,769383429;ALTO;424.151;3.443;123,2
410726;4107;PR;S;FRANCISCO BELTRAO;-25,91545596;-53,21662792;0,739846382;ALTO;279.075;5.451;51,2
351558;3515;SP;SE;FRANCO DA ROCHA;-23,32057228;-46,6377573;0,741957468;ALTO;498.635;600;830,9
430103;4301;RS;S;FREDERICO WESTPHALEN;-27,50110918;-53,20134343;0,713603402;ALTO;179.199;5.159;34,7
310521;3105;MG;SE;FRUTAL;-19,66382058;-49,72372766;0,722402463;ALTO;190.241;16.838;11,3
150205;1502;PA;N;FUROS DE BREVES;-0,973882353;-50,31162569;0,504358401;BAIXO;232.290;30.068;7,7
260311;2603;PE;NE;GARANHUNS;-9,042999463;-36,55795254;0,588899588;BAIXO;460.054;5.099;90,2
210520;2105;MA;NE;GERAIS DE BALSAS;-8,409684306;-46,42269501;0,653495737;MEDIO;151.780;36.666;4,1
520310;5203;GO;CO;GOIANIA;-16,80924039;-49,21299756;0,760082966;ALTO;2.532.295;6.748;375,3
410204;4102;PR;S;GOIOERE;-24,4524104;-52,7933597;0,712200646;ALTO;115.482;4.866;23,7
310837;3108;MG;SE;GOVERNADOR VALADARES;-18,62629774;-41,86675914;0,693570703;MEDIO;400.217;11.325;35,3
430524;4305;RS;S;GRAMADO-CANELA;-29,54383619;-50,82686925;0,73837357;ALTO;329.191;2.600;126,6
310208;3102;MG;SE;GRAO MOGOL;-16,63303937;-42,95977438;0,599031707;BAIXO;37.752;9.071;4,2
110102;1101;RO;N;GUAJARA-MIRIM;-11,78776774;-63,88132289;0,637526831;MEDIO;68.299;40.793;1,7
150413;1504;PA;N;GUAMA;-2,270352604;-47,40428023;0,540454048;BAIXO;420.823;28.281;14,9
290626;2906;BA;NE;GUANAMBI;-14,36585469;-42,99778152;0,620239663;MEDIO;379.862;23.455;16,2
310835;3108;MG;SE;GUANHAES;-18,71150315;-42,86050098;0,642776591;MEDIO;124.659;5.780;21,6
430214;4302;RS;S;GUAPORE;-28,78544739;-51,86256556;0,751553262;ALTO;136.053;3.648;37,3
250316;2503;PB;NE;GUARABIRA;-6,765952768;-35,41896141;0,6134859;MEDIO;165.139;1.298;127,3
320310;3203;ES;SE;GUARAPARI;-20,64533227;-40,7285037;0,727938092;ALTO;214.171;2.097;102,1
410829;4108;PR;S;GUARAPUAVA;-25,32463228;-51,98068039;0,692848639;MEDIO;388.957;16.189;24
351351;3513;SP;SE;GUARATINGUETA;-22,70889052;-45,06097727;0,771399766;ALTO;406.968;2.702;150,6
351559;3515;SP;SE;GUARULHOS;-23,3638501;-46,3531375;0,763342886;ALTO;1.431.636;778;1839,7
210207;2102;MA;NE;GURUPI;-12,05970422;-48,86523089;0,620397119;MEDIO;379.934;49.152;7,7
410417;4104;PR;S;IBAITI;-23,83692359;-50,32505834;0,690773345;MEDIO;77.660;3.034;25,6
230102;2301;CE;NE;IBIAPABA;-3,951813419;-40,9853794;0,616399036;MEDIO;322.334;5.094;63,3
500411;5004;MS;CO;IGUATEMI;-23,05967381;-54,47646354;0,66442273;MEDIO;242.261;22.464;10,8
230626;2306;CE;NE;IGUATU;-6,358358707;-38,93902263;0,641603083;MEDIO;218.615;4.771;45,8
430108;4301;RS;S;IJUI;-28,13734506;-53,8017559;0,757722095;ALTO;193.793;5.801;33,4
290731;2907;BA;NE;ILHEUS-ITABUNA;-14,58797196;-39,55058256;0,634048698;MEDIO;947.896;21.254;44,6
210209;2102;MA;NE;IMPERATRIZ;-4,93915895;-47,1179241;0,673172237;MEDIO;593.728;29.246;20,3
310839;3108;MG;SE;IPATINGA;-19,35034037;-42,62423575;0,745282216;ALTO;530.845;4.318;122,9
520308;5203;GO;CO;IPORA;-16,41046606;-50,95785196;0,722473211;ALTO;61.816;7.066;8,7
230106;2301;CE;NE;IPU;-4,54978654;-40,85811073;0,597369857;BAIXO;137.261;4.217;32,6
410932;4109;PR;S;IRATI;-25,6833686;-50,812898;0,710464714;ALTO;101.217;2.841;35,6
290309;2903;BA;NE;IRECE;-11,61589991;-41,91535089;0,612449502;MEDIO;387.607;18.056;21,5
250318;2503;PB;NE;ITABAIANA;-7,318191005;-35,48111558;0,580303616;BAIXO;108.782;1.655;65,7
290311;2903;BA;NE;ITABERABA;-12,29936225;-40,4124442;0,58692652;BAIXO;235.355;16.488;14,3
310731;3107;MG;SE;ITABIRA;-19,67031943;-43,17067034;0,721208989;ALTO;394.872;8.081;48,9
130309;1303;AM;N;ITACOATIARA;-3,255657061;-58,52540946;0,622985856;MEDIO;176.326;25.415;6,9
330617;3306;RJ;SE;ITAGUAI;-22,85620533;-43,89238264;0,720887814;ALTO;238.657;915;260,7
310732;3107;MG;SE;ITAGUARA;-20,39951424;-44,24726761;0,660606842;MEDIO;70.216;2.423;29
150514;1505;PA;N;ITAITUBA;-6,478890503;-55,65285397;0,606335655;MEDIO;250.293;189.595;1,3
420413;4204;SC;S;ITAJAI;-26,92410273;-48,70279494;0,77955131;ALTO;849.040;1.544;549,8
311056;3110;MG;SE;ITAJUBA;-22,4501138;-45,53553126;0,737817115;ALTO;194.620;2.985;65,2
260516;2605;PE;NE;ITAMARACA;-7,776038654;-34,94045501;0,651144622;MEDIO;186.728;543;343,7
351456;3514;SP;SE;ITANHAEM;-24,16065323;-47,0421574;0,742115001;ALTO;269.580;2.015;133,8
260206;2602;PE;NE;ITAPARICA;-8,622457877;-38,51341443;0,614387068;MEDIO;137.051;9.469;14,5
351560;3515;SP;SE;ITAPECERICA DA SERRA;-23,84018196;-46,97431728;0,757019868;ALTO;1.117.115;1.472;758,8
210106;2101;MA;NE;ITAPECURU MIRIM;-3,469901062;-44,18727168;0,575788458;BAIXO;211.551;7.068;29,9
320413;3204;ES;SE;ITAPEMIRIM;-21,07372055;-41,02518195;0,67287872;MEDIO;95.457;1.276;74,8
330101;3301;RJ;SE;ITAPERUNA;-21,11299209;-41,87002096;0,718657124;ALTO;200.192;3.129;64
290629;2906;BA;NE;ITAPETINGA;-15,619556;-40,35737722;0,612668142;MEDIO;193.411;11.337;17,1
351142;3511;SP;SE;ITAPETININGA;-23,57072986;-48,24524873;0,74966939;ALTO;208.920;3.729;56
351141;3511;SP;SE;ITAPEVA;-23,82896876;-49,04497962;0,706554916;ALTO;243.172;7.677;31,7
230208;2302;CE;NE;ITAPIPOCA;-3,3967549;-39,55913686;0,625241681;MEDIO;231.694;3.704;62,6
250106;2501;PB;NE;ITAPORANGA;-7,487549334;-38,39948621;0,593399382;BAIXO;81.581;3.037;26,9
310517;3105;MG;SE;ITUIUTABA;-19,03746593;-49,87080816;0,730004681;ALTO;149.127;8.735;17,1
420414;4204;SC;S;ITUPORANGA;-27,44393257;-49,53337878;0,729586011;ALTO;62.579;1.535;40,8
350211;3502;SP;SE;ITUVERAVA;-20,27689789;-47,77330778;0,753476906;ALTO;92.165;2.004;46
410313;4103;PR;S;IVAIPORA;-24,36925249;-51,60998847;0,690252941;MEDIO;132.940;6.154;21,6
350213;3502;SP;SE;JABOTICABAL;-21,12774734;-48,49238876;0,756811827;ALTO;411.456;4.715;87,3
410416;4104;PR;S;JACAREZINHO;-23,28976926;-50,00170458;0,72612439;ALTO;126.465;2.756;45,9
290310;2903;BA;NE;JACOBINA;-11,26871451;-40,74306924;0,595452142;BAIXO;332.964;18.801;17,7
430734;4307;RS;S;JAGUARAO;-32,15111449;-53,08858084;0,685253353;MEDIO;52.413;7.694;6,8
410520;4105;PR;S;JAGUARIAIVA;-24,17684629;-49,79186025;0,716242977;ALTO;101.837;5.598;18,2
170207;1702;TO;N;JALAPAO;-9,30421816;-47,13834625;0,589210837;BAIXO;71.733;53.461;1,3
350101;3501;SP;SE;JALES;-20,28729318;-50,66925488;0,759716109;ALTO;159.262;3.929;40,5
310204;3102;MG;SE;JANAUBA;-15,46355265;-43,23646316;0,655874529;MEDIO;249.547;15.043;16,6
310203;3102;MG;SE;JANUARIA;-15,24108292;-44,74599396;0,62630973;MEDIO;275.227;33.194;8,3
280309;2803;SE;NE;JAPARATUBA;-10,50590269;-36,82486145;0,585416883;BAIXO;53.274;1.442;36,9
130102;1301;AM;N;JAPURA;-2,027498534;-66,77498539;0,50672065;BAIXO;24.378;72.658;0,3
350421;3504;SP;SE;JAU;-22,2587218;-48,60677907;0,758330512;ALTO;353.191;4.034;87,6
510314;5103;MT;CO;JAURU;-15,57041526;-58,39390345;0,694893583;MEDIO;101.422;18.941;5,4
290624;2906;BA;NE;JEQUIE;-13,53268202;-39,88632978;0,610772486;MEDIO;503.485;17.230;29,2
290413;2904;BA;NE;JEREMOABO;-10,02975405;-38,18387021;0,537842143;BAIXO;98.374;7.573;13
110204;1102;RO;N;JI-PARANA;-10,67892621;-62,32452606;0,683019798;MEDIO;282.304;25.090;11,3
420104;4201;SC;S;JOACABA;-26,96467623;-51,31855799;0,747532476;ALTO;345.980;9.069;38,1
250422;2504;PB;NE;JOAO PESSOA;-7,125600943;-34,92143618;0,731394554;ALTO;1.173.268;1.251;937,7
420208;4202;SC;S;JOINVILLE;-26,38366302;-49,03329428;0,792650759;ALTO;1.060.023;4.610;230
290204;2902;BA;NE;JUAZEIRO;-9,620965615;-41,65197172;0,619652449;MEDIO;512.328;54.741;9,4
311265;3112;MG;SE;JUIZ DE FORA;-21,75775614;-43,58870757;0,756212852;ALTO;752.889;8.914;84,5
351247;3512;SP;SE;JUNDIAI;-23,1716231;-46,90818684;0,798313212;ALTO;758.968;802;945,9
130204;1302;AM;N;JURUA;-5,737114102;-68,21158038;0,526044693;BAIXO;138.903;112.647;1,2
330410;3304;RJ;SE;LAGOS;-22,75011899;-42,14822069;0,72484459;ALTO;644.156;2.010;320,4
430421;4304;RS;S;LAJEADO-ESTRELA;-29,36480296;-52,05831605;0,750320868;ALTO;338.070;4.039;83,7
411036;4110;PR;S;LAPA;-25,78234083;-49,89279032;0,705499236;ALTO;49.101;2.280;21,5
311157;3111;MG;SE;LAVRAS;-21,33770839;-44,93189829;0,750453379;ALTO;163.929;3.442;47,6
230628;2306;CE;NE;LAVRAS DA MANGABEIRA;-6,74989276;-38,84566999;0,610189199;MEDIO;55.460;1.631;34
210104;2101;MA;NE;LENCOIS MARANHENSES;-2,652793843;-42,97526533;0,553950024;BAIXO;188.949;10.226;18,5
350627;3506;SP;SE;LIMEIRA;-22,39257712;-47,3407394;0,766388251;ALTO;623.354;2.312;269,6
320206;3202;ES;SE;LINHARES;-19,47608908;-40,2324441;0,725438747;ALTO;351.132;6.918;50,8
350419;3504;SP;SE;LINS;-21,65909237;-49,81744364;0,759043146;ALTO;162.913;3.875;42
230522;2305;CE;NE;LITORAL DE ARACATI;-4,576272928;-37,75704804;0,64375827;MEDIO;121.375;2.147;56,5
230101;2301;CE;NE;LITORAL DE CAMOCIM E ACARAU;-3,143915877;-40,61725111;0,604628305;MEDIO;397.587;8.639;46
430735;4307;RS;S;LITORAL LAGUNAR;-32,49509484;-52,63385064;0,727078484;ALTO;254.588;9.164;27,8
240416;2404;RN;NE;LITORAL NORDESTE;-5,385141887;-35,52535734;0,576579625;BAIXO;88.264;2.547;34,7
250420;2504;PB;NE;LITORAL NORTE;-6,708693795;-35,1757064;0,565318243;BAIXO;152.572;1.961;77,8
270310;2703;AL;NE;LITORAL NORTE ALAGOANO;-9,094216161;-35,34662421;0,563511593;BAIXO;72.974;1.005;72,6
210101;2101;MA;NE;LITORAL OCIDENTAL MARANHENSE;-1,86660356;-44,80813705;0,588365283;BAIXO;176.515;8.547;20,7
220102;2201;PI;NE;LITORAL PIAUIENSE;-3,517557528;-41,54015124;0,613274605;MEDIO;328.865;9.688;33,9
240419;2504;PB;NE;LITORAL SUL;-6,374351648;-35,16121031;0,593802989;BAIXO;227.850;2.265;100,6
290625;2906;BA;NE;LIVRAMENTO DO BRUMADO;-13,52338162;-42,06897498;0,604613432;MEDIO;97.243;5.121;19
410311;4103;PR;S;LONDRINA;-23,46689137;-51,18364232;0,762898522;ALTO;800.171;3.500;228,6
330616;3306;RJ;SE;MACACU-CACERIBU;-22,58382024;-42,69251894;0,704970544;ALTO;113.219;1.414;80,1
330204;3302;RJ;SE;MACAE;-22,21984013;-41,8078639;0,753638385;ALTO;303.735;2.580;117,7
240417;2404;RN;NE;MACAIBA;-5,847322304;-35,32324684;0,636036926;MEDIO;356.393;2.082;171,1
160203;1602;AP;N;MACAPA;1,180659847;-51,78335244;0,717379701;ALTO;602.400;38.644;15,6
240208;2402;RN;NE;MACAU;-5,146996713;-36,46143336;0,632900083;MEDIO;54.365;1.889;28,8
270311;2703;AL;NE;MACEIO;-9,608136928;-35,85448556;0,701167984;ALTO;1.222.505;1.812;674,7
130413;1304;AM;N;MADEIRA;-6,258542427;-60,22473685;0,587628992;BAIXO;188.907;221.083;0,9
130307;1303;AM;N;MANAUS;-3,283285232;-60,37876946;0,720720554;ALTO;2.335.542;41.304;56,5
311261;3112;MG;SE;MANHUACU;-20,22439685;-42,06231782;0,655984069;MEDIO;297.529;4.857;61,3
310838;3108;MG;SE;MANTENA;-18,63315053;-41,2610312;0,655308735;MEDIO;60.356;1.851;32,6
150620;1506;PA;N;MARABA;-5,664812428;-49,87713809;0,654606079;MEDIO;314.761;20.073;15,7
350938;3509;SP;SE;MARILIA;-22,24756516;-49,98023458;0,784672152;ALTO;348.912;4.866;71,7
410309;4103;PR;S;MARINGA;-23,49446423;-51,87840482;0,773123469;ALTO;652.641;1.573;414,8
270309;2703;AL;NE;MATA ALAGOANA;-9,0997324;-35,62195677;0,551042034;BAIXO;266.284;3.959;67,3
260415;2604;PE;NE;MATA MERIDIONAL PERNAMBUCANA;-8,61355333;-35,5491658;0,593550936;BAIXO;493.017;4.522;109
260413;2604;PE;NE;MATA SETENTRIONAL PERNAMBUCANA;-7,624208777;-35,15853587;0,628412319;MEDIO;542.279;2.933;184,9
160204;1602;AP;N;MAZAGAO;0,987774984;-53,14128022;0,633979699;MEDIO;68.323;46.587;1,5
510211;5102;MT;CO;MEDIO ARAGUAIA;-14,53310791;-51,84671588;0,736056622;ALTO;81.240;35.702;2,3
260310;2603;PE;NE;MEDIO CAPIBARIBE;-7,809443614;-35,59573174;0,604268902;MEDIO;243.096;1.759;138,2
230211;2302;CE;NE;MEDIO CURU;-3,879600882;-39,39711774;0,612352943;MEDIO;85.416;3.036;28,1
230524;2305;CE;NE;MEDIO JAGUARIBE;-5,840635056;-38,65963382;0,617963891;MEDIO;61.314;4.327;14,2
210310;2103;MA;NE;MEDIO MEARIM;-4,432350927;-44,85113462;0,605647622;MEDIO;401.064;11.003;36,4
240103;2401;RN;NE;MEDIO OESTE;-5,944091915;-37,32641042;0,61087164;MEDIO;39.280;2.862;13,7
220205;2202;PI;NE;MEDIO PARNAIBA PIAUIENSE;-6,037118125;-42,68579643;0,598263349;BAIXO;130.682;8.159;16
520515;5205;GO;CO;MEIA PONTE;-17,80622829;-49,41190616;0,727786279;ALTO;427.964;21.154;20,2
230104;2301;CE;NE;MERUOCA;-3,595519535;-40,51865249;0,610286684;MEDIO;26.531;287;92,3
170103;1701;TO;N;MIRACEMA DO TOCANTINS;-9,140798275;-49,06815057;0,665038728;MEDIO;142.404;34.742;4,1
351562;3515;SP;SE;MOJI DAS CRUZES;-23,56792648;-46,09665177;0,752826233;ALTO;1.485.678;2.061;720,7
350731;3507;SP;SE;MOJI-MIRIM;-22,38206784;-46,97662623;0,764315208;ALTO;423.803;2.345;180,7
320204;3202;ES;SE;MONTANHA;-18,21813216;-40,34445195;0,66975691;MEDIO;54.778;2.973;18,4
430523;4305;RS;S;MONTENEGRO;-29,59982429;-51,33867668;0,735015873;ALTO;221.196;2.082;106,3
310207;3102;MG;SE;MONTES CLAROS;-16,40619435;-44,11487735;0,71886663;ALTO;648.188;22.378;29
240101;2401;RN;NE;MOSSORO;-5,090095813;-37,24178514;0,698942618;MEDIO;343.961;4.182;82,2
311263;3112;MG;SE;MURIAE;-20,87983771;-42,24564584;0,685351945;MEDIO;280.723;4.741;59,2
310416;3104;MG;SE;NANUQUE;-17,4506574;-40,81651537;0,652134406;MEDIO;108.217;8.484;12,8
430112;4301;RS;S;NAO-ME-TOQUE;-28,5750991;-52,82737631;0,763136321;ALTO;41.373;1.381;30
240418;2404;RN;NE;NATAL;-5,803891523;-35,23001704;0,75776001;ALTO;1.065.587;432;2466,4
350107;3501;SP;SE;NHANDEARA;-20,74174429;-49,91014101;0,762105376;ALTO;66.315;2.023;32,8
140102;1401;RR;N;NORDESTE DE RORAIMA;3,651207093;-60,17581968;0,576880765;BAIXO;59.999;30.818;1,9
510209;5102;MT;CO;NORTE ARAGUAIA;-11,97445875;-51,87444965;0,667057641;MEDIO;130.271;80.540;1,6
280203;2802;SE;NE;NOSSA SENHORA DAS DORES;-10,36308748;-37,17860594;0,594652196;BAIXO;63.786;1.253;50,9
500308;5003;MS;CO;NOVA ANDRADINA;-22,09006817;-53,19016893;0,70717565;ALTO;93.584;13.458;7
330307;3303;RJ;SE;NOVA FRIBURGO;-22,22698844;-42,50805367;0,723009811;ALTO;244.225;2.111;115,7
320102;3201;ES;SE;NOVA VENECIA;-18,7407307;-40,55686079;0,698956032;MEDIO;127.275;3.661;34,8
350108;3501;SP;SE;NOVO HORIZONTE;-21,32912707;-49,29433246;0,743758701;ALTO;85.653;2.435;35,2
150101;1501;PA;N;OBIDOS;0,303770116;-57,10811963;0,605956212;MEDIO;198.914;157.598;1,3
160101;1601;AP;N;OIAPOQUE;2,424582096;-51,939192;0,653821389;MEDIO;38.094;37.152;1
310946;3109;MG;SE;OLIVEIRA;-20,7849209;-44,73544748;0,687615469;MEDIO;126.653;4.028;31,4
351557;3515;SP;SE;OSASCO;-23,4570853;-46,90949101;0,767175606;ALTO;2.062.748;685;3010,7
430527;4305;RS;S;OSORIO;-29,82593802;-50,39039067;0,727871775;ALTO;420.769;8.757;48
351040;3510;SP;SE;OURINHOS;-23,03626631;-49,56928329;0,749562438;ALTO;300.744;5.569;54
310733;3107;MG;SE;OURO PRETO;-20,34886264;-43,47476211;0,735708017;ALTO;193.042;3.149;61,3
230317;2303;CE;NE;PACAJUS;-4,15174431;-38,51030808;0,658485477;MEDIO;145.288;411;353,6
260103;2601;PE;NE;PAJEU;-7,840927173;-37,80754811;0,626211619;MEDIO;329.016;8.770;37,5
410830;4108;PR;S;PALMAS;-26,19732954;-52,06454992;0,66830811;MEDIO;90.510;5.375;16,8
270205;2702;AL;NE;PALMEIRA DOS INDIOS;-9,456314157;-36,6178247;0,594171829;BAIXO;171.327;2.397;71,5
310729;3107;MG;SE;PARA DE MINAS;-19,71206083;-44,67592975;0,722938073;ALTO;139.374;1.768;78,8
310102;3101;MG;SE;PARACATU;-17,53283512;-46,42470576;0,718110231;ALTO;231.061;35.009;6,6
150617;1506;PA;N;PARAGOMINAS;-3,450745769;-47,74661628;0,615630666;MEDIO;306.452;48.401;6,3
351353;3513;SP;SE;PARAIBUNA/PARAITINGA;-23,20862555;-45,22273817;0,696789525;MEDIO;73.087;4.417;16,5
411038;4110;PR;S;PARANAGUA;-25,43801592;-48,63278573;0,731584386;ALTO;301.405;6.055;49,8
500306;5003;MS;CO;PARANAIBA;-19,66594128;-51,76025072;0,705527819;ALTO;85.177;17.173;5
510108;5101;MT;CO;PARANATINGA;-13,5547895;-54,09901175;0,654019945;MEDIO;42.167;46.803;0,9
410101;4101;PR;S;PARANAVAI;-22,98292379;-52,71432603;0,727551334;ALTO;282.281;10.182;27,7
150619;1506;PA;N;PARAUAPEBAS;-6,240812187;-50,32794308;0,685923893;MEDIO;409.725;22.472;18,2
510104;5101;MT;CO;PARECIS;-13,57637198;-58,45126161;0,724783292;ALTO;123.844;59.584;2,1
130310;1303;AM;N;PARINTINS;-2,796293872;-58,41965271;0,611554507;MEDIO;262.857;106.945;2,5
430110;4301;RS;S;PASSO FUNDO;-28,18577915;-52,26041994;0,764988942;ALTO;363.821;7.178;50,7
311047;3110;MG;SE;PASSOS;-20,6372433;-46,68191255;0,738393972;ALTO;234.547;7.105;33
410727;4107;PR;S;PATO BRANCO;-25,98219247;-52,65366296;0,751372017;ALTO;189.303;3.883;48,8
250104;2501;PB;NE;PATOS;-7,042155162;-37,28363673;0,679418364;MEDIO;127.977;2.539;50,4
310520;3105;MG;SE;PATOS DE MINAS;-18,87375392;-46,22317005;0,741793009;ALTO;288.780;10.735;26,9
310519;3105;MG;SE;PATROCINIO;-18,75495554;-47,12195049;0,71945584;ALTO;208.630;11.986;17,4
240106;2401;RN;NE;PAU DOS FERROS;-6,25392224;-38,11236922;0,624937491;MEDIO;116.783;2.673;43,7
290205;2902;BA;NE;PAULO AFONSO;-9,227703156;-38,69138863;0,646858448;MEDIO;174.176;12.474;14
310836;3108;MG;SE;PECANHA;-18,26467137;-42,41658758;0,605181723;MEDIO;75.835;4.602;16,5
310313;3103;MG;SE;PEDRA AZUL;-16,19394694;-41,44823671;0,618256482;MEDIO;79.487;5.060;15,7
430733;4307;RS;S;PELOTAS;-31,42578045;-52,52842824;0,714317958;ALTO;476.500;10.315;46,2
270313;2703;AL;NE;PENEDO;-10,21395899;-36,56721309;0,595897014;BAIXO;119.958;1.705;70,4
260205;2602;PE;NE;PETROLINA;-8,618772524;-40,20886173;0,669335625;MEDIO;540.141;14.974;36,1
250105;2501;PB;NE;PIANCO;-7,246309836;-37,93465131;0,596633389;BAIXO;67.693;3.297;20,5
220413;2204;PI;NE;PICOS;-6,881291366;-41,96536764;0,636017195;MEDIO;207.848;10.317;20,1
351245;3512;SP;SE;PIEDADE;-23,89072654;-47,57790705;0,707615806;ALTO;195.573;4.172;46,9
210208;2102;MA;NE;PINDARE;-4,036509083;-45,89538618;0,579808752;BAIXO;570.494;36.009;15,8
220414;2204;PI;NE;PIO IX;-6,921927893;-40,75935956;0,57297917;BAIXO;56.744;4.298;13,2
350628;3506;SP;SE;PIRACICABA;-22,78758563;-47,79374778;0,775835002;ALTO;628.103;3.787;165,9
310206;3102;MG;SE;PIRAPORA;-17,03528832;-45,20234466;0,672893355;MEDIO;157.167;23.007;6,8
350729;3507;SP;SE;PIRASSUNUNGA;-21,97346651;-47,23292447;0,760933127;ALTO;187.130;1.742;107,4
520516;5205;GO;CO;PIRES DO RIO;-16,93728223;-48,47648671;0,718815189;ALTO;106.211;9.493;11,2
410828;4108;PR;S;PITANGA;-24,80785631;-52,03495903;0,661199808;MEDIO;71.779;4.892;14,7
310942;3109;MG;SE;PIUI;-20,09843656;-46,16818674;0,724389726;ALTO;85.732;7.660;11,2
311051;3110;MG;SE;POCOS DE CALDAS;-22,04358956;-46,43751099;0,742411238;ALTO;363.753;4.639;78,4
410521;4105;PR;S;PONTA GROSSA;-25,0795001;-50,01175563;0,749242895;ALTO;488.549;6.706;72,9
311260;3112;MG;SE;PONTE NOVA;-20,30326974;-42,72563793;0,660803364;MEDIO;183.685;4.869;37,7
520204;5202;GO;CO;PORANGATU;-13,94936395;-48,97618715;0,707424589;ALTO;227.740;35.191;6,5
410307;4103;PR;S;PORECATU;-22,94879625;-51,23401399;0,716029631;ALTO;79.916;2.369;33,7
150204;1502;PA;N;PORTEL;-2,232112945;-50,90038599;0,474059916;MUITO BAIXO;156.820;45.127;3,5
430526;4305;RS;S;PORTO ALEGRE;-30,06746539;-51,21433542;0,760017833;ALTO;3.586.570;5.340;671,7
210519;2105;MA;NE;PORTO FRANCO;-7,104053715;-47,02388499;0,65051941;MEDIO;109.247;14.054;7,8
170206;1702;TO;N;PORTO NACIONAL;-10,0746352;-48,13855542;0,766058071;ALTO;415.942;21.189;19,6
290732;2907;BA;NE;PORTO SEGURO;-16,9703967;-39,8858816;0,654138429;MEDIO;795.245;27.685;28,7
110101;1101;RO;N;PORTO VELHO;-9,601348809;-64,44104744;0,712713368;ALTO;568.335;65.659;8,7
311052;3110;MG;SE;POUSO ALEGRE;-22,47854923;-46,07089239;0,731645117;ALTO;395.398;4.920;80,4
210312;2103;MA;NE;PRESIDENTE DUTRA;-5,315512977;-44,30675345;0,595500933;BAIXO;190.832;6.547;29,1
350836;3508;SP;SE;PRESIDENTE PRUDENTE;-22,18794651;-51,6068293;0,769154938;ALTO;590.328;17.515;33,7
510519;5105;MT;CO;PRIMAVERA DO LESTE;-15,2843999;-54,45721447;0,751312655;ALTO;129.731;10.241;12,7
280307;2803;SE;NE;PROPRIA;-10,29174762;-36,73615075;0,607019143;MEDIO;87.446;1.028;85
410931;4109;PR;S;PRUDENTOPOLIS;-25,16276964;-50,88940025;0,664909909;MEDIO;130.346;6.066;21,5
130412;1304;AM;N;PURUS;-7,23232831;-65,72570901;0,523855608;BAIXO;81.916;186.851;0,4
520518;5205;GO;CO;QUIRINOPOLIS;-18,70267126;-51,04723421;0,723988763;ALTO;114.622;16.077;7,1
260517;2605;PE;NE;RECIFE;-8,041281868;-35,04408656;0,740219564;ALTO;3.237.566;1.251;2587,2
150621;1506;PA;N;REDENCAO;-7,368504351;-49,67174868;0,64092077;MEDIO;206.739;21.168;9,8
351455;3514;SP;SE;REGISTRO;-24,51110969;-47,90024704;0,718007012;ALTO;247.014;11.192;22,1
430319;4303;RS;S;RESTINGA SECA;-29,68332801;-53,40267504;0,70283537;ALTO;59.485;3.001;19,8
290415;2904;BA;NE;RIBEIRA DO POMBAL;-10,91644807;-38,13451014;0,564733953;BAIXO;302.368;8.804;34,3
350214;3502;SP;SE;RIBEIRAO PRETO;-21,40205033;-47,72410313;0,778499704;ALTO;1.163.084;6.008;193,6
120204;1202;AC;N;RIO BRANCO;-10,19756385;-67,77708232;0,70245367;ALTO;456.792;22.265;20,5
350626;3506;SP;SE;RIO CLARO;-22,34730226;-47,9150175;0,788184241;ALTO;261.825;2.948;88,8
330618;3306;RJ;SE;RIO DE JANEIRO;-22,80786696;-43,23350389;0,766247522;ALTO;11.391.198;4.586;2483,7
420411;4204;SC;S;RIO DO SUL;-27,12953567;-49,79231456;0,75702482;ALTO;239.160;5.264;45,4
170104;1701;TO;N;RIO FORMOSO;-11,29090035;-49,7227776;0,702619407;ALTO;127.819;51.417;2,5
130101;1301;AM;N;RIO NEGRO;-0,262176768;-64,57900209;0,63039576;MEDIO;199.275;334.705;0,6
130308;1303;AM;N;RIO PRETO DA EVA;-1,360781208;-59,96995014;0,63085555;MEDIO;55.604;31.275;1,8
520102;5201;GO;CO;RIO VERMELHO;-15,32918781;-50,76253572;0,699432127;MEDIO;88.909;20.214;4,4
510521;5105;MT;CO;RONDONOPOLIS;-16,95303987;-54,70240493;0,74181415;ALTO;330.186;25.103;13,2
210103;2101;MA;NE;ROSARIO;-2,908335646;-44,06750857;0,595275379;BAIXO;168.702;6.008;28,1
510416;5104;MT;CO;ROSARIO OESTE;-14,7256417;-55,76408744;0,640720683;MEDIO;27.893;9.305;3
150409;1504;PA;N;SALGADO;-0,744326747;-47,56117366;0,600658818;MEDIO;261.397;5.158;50,7
260102;2601;PE;NE;SALGUEIRO;-8,042754783;-39,33056358;0,627510004;MEDIO;167.887;8.744;19,2
310205;3102;MG;SE;SALINAS;-15,81337456;-42,29245174;0,626424079;MEDIO;211.265;17.825;11,9
290521;2905;BA;NE;SALVADOR;-12,69038269;-38,39261715;0,743315888;ALTO;3.297.828;2.895;1139,3
430105;4301;RS;S;SANANDUVA;-27,83059278;-51,69309097;0,720505201;ALTO;58.933;3.066;19,2
430420;4304;RS;S;SANTA CRUZ DO SUL;-29,48992706;-52,65548541;0,727387862;ALTO;331.711;5.562;59,6
430318;4303;RS;S;SANTA MARIA;-29,81172481;-54,2126339;0,762825053;ALTO;365.442;11.739;31,1
290103;2901;BA;NE;SANTA MARIA DA VITORIA;-14,09122279;-45,15441346;0,606922597;MEDIO;180.716;41.961;4,3
330308;3303;RJ;SE;SANTA MARIA MADALENA;-22,0048192;-42,06213926;0,661607623;MEDIO;28.284;1.799;15,7
230107;2301;CE;NE;SANTA QUITERIA;-4,394365188;-40,02204006;0,609978666;MEDIO;68.482;5.973;11,5
311053;3110;MG;SE;SANTA RITA DO SAPUCAI;-22,12516508;-45,6975641;0,701878445;ALTO;146.279;3.287;44,5
430101;4301;RS;S;SANTA ROSA;-27,7713545;-54,42838105;0,747437505;ALTO;163.614;3.456;47,3
320308;3203;ES;SE;SANTA TERESA;-19,95770104;-40,77353654;0,682238373;MEDIO;112.622;3.309;34
270103;2701;AL;NE;SANTANA DO IPANEMA;-9,398206283;-37,35534151;0,55772729;BAIXO;169.576;3.059;55,4
150102;1501;PA;N;SANTAREM;-2,469214092;-54,42745716;0,641777364;MEDIO;571.292;92.474;6,2
430317;4303;RS;S;SANTIAGO;-29,10754398;-54,30957461;0,728408609;ALTO;104.939;11.203;9,4
430107;4301;RS;S;SANTO ANGELO;-28,38212937;-54,74304848;0,733442991;ALTO;191.496;10.759;17,8
290520;2905;BA;NE;SANTO ANTONIO DE JESUS;-12,90251299;-39,12327322;0,64688606;MEDIO;541.504;5.652;95,8
330102;3301;RJ;SE;SANTO ANTONIO DE PADUA;-21,55588544;-42,11849256;0,706718673;ALTO;123.845;2.243;55,2
351563;3515;SP;SE;SANTOS;-23,8620631;-46,23744005;0,777231041;ALTO;1.562.680;1.358;1150,7
420207;4202;SC;S;SAO BENTO DO SUL;-26,26706333;-49,40482533;0,762912807;ALTO;135.034;1.902;71
350525;3505;SP;SE;SAO CARLOS;-21,96206535;-47,94580031;0,785989913;ALTO;342.430;3.185;107,5
150618;1506;PA;N;SAO FELIX DO XINGU;-7,154231247;-51,90993459;0,612824041;MEDIO;155.502;121.178;1,3
430525;4305;RS;S;SAO JERONIMO;-30,07181927;-51,83121269;0,709057123;ALTO;141.379;4.849;29,2
350730;3507;SP;SE;SAO JOAO DA BOA VISTA;-21,74825953;-46,89044999;0,761952788;ALTO;413.944;5.432;76,2
311158;3111;MG;SE;SAO JOAO DEL REI;-21,23405093;-44,25025315;0,719870373;ALTO;192.475;5.774;33,3
350210;3502;SP;SE;SAO JOAQUIM DA BARRA;-20,49422513;-48,07234472;0,752713917;ALTO;213.001;5.564;38,3
350104;3501;SP;SE;SAO JOSE DO RIO PRETO;-20,74571913;-49,51007243;0,775194429;ALTO;891.916;10.400;85,8
351350;3513;SP;SE;SAO JOSE DOS CAMPOS;-23,09074808;-45,76192854;0,79439716;ALTO;1.585.825;4.045;392
311054;3110;MG;SE;SAO LOURENCO;-22,06793417;-45,01583941;0,714955114;ALTO;213.743;3.833;55,8
320205;3202;ES;SE;SAO MATEUS;-18,64451281;-40,04782993;0,710825365;ALTO;201.661;4.622;43,6
410934;4109;PR;S;SAO MATEUS DO SUL;-25,86778705;-50,32353992;0,692416469;MEDIO;63.102;2.532;24,9
420101;4201;SC;S;SAO MIGUEL D'OESTE;-26,72775763;-53,50304943;0,748889055;ALTO;185.173;4.252;43,5
520101;5201;GO;CO;SAO MIGUEL DO ARAGUAIA;-13,85513523;-50,20186511;0,671204284;MEDIO;79.233;24.421;3,2
270312;2703;AL;NE;SAO MIGUEL DOS CAMPOS;-9,881909681;-36,22552443;0,592671564;BAIXO;247.412;2.935;84,3
351561;3515;SP;SE;SAO PAULO;-23,63377522;-46,59205022;0,803363256;MUITO ALTO;14.147.775;2.350;6020,8
220311;2203;PI;NE;SAO RAIMUNDO NONATO;-8,984425406;-42,39736567;0,586996403;BAIXO;142.061;27.507;5,2
311048;3110;MG;SE;SAO SEBASTIAO DO PARAISO;-21,17532574;-46,69030107;0,713798401;ALTO;275.632;5.155;53,5
250421;2504;PB;NE;SAPE;-7,177106292;-35,25004368;0,560486889;BAIXO;138.167;1.139;121,3
290623;2906;BA;NE;SEABRA;-12,98970322;-41,48368189;0,59629698;BAIXO;267.840;20.739;12,9
120203;1202;AC;N;SENA MADUREIRA;-9,897043962;-70,07831395;0,582989845;BAIXO;60.068;40.546;1,5
290308;2903;BA;NE;SENHOR DO BONFIM;-10,55336626;-40,44513094;0,605270906;MEDIO;288.938;16.627;17,4
280101;2801;SE;NE;SERGIPANA DO SERTAO DO SAO FRANCISCO;-10,08541573;-37,51925852;0,565070608;BAIXO;170.037;5.444;31,2
240211;2402;RN;NE;SERIDO OCIDENTAL;-6,447119093;-37,1899759;0,67618151;MEDIO;96.551;3.066;31,5
250208;2502;PB;NE;SERIDO OCIDENTAL PARAIBANO;-6,943606914;-36,91720362;0,647738263;MEDIO;39.383;1.738;22,7
240212;2402;RN;NE;SERIDO ORIENTAL;-6,442938804;-36,62088277;0,673825324;MEDIO;118.591;3.777;31,4
250209;2502;PB;NE;SERIDO ORIENTAL PARAIBANO;-6,710104076;-36,47093903;0,580312097;BAIXO;74.903;2.595;28,9
240210;2402;RN;NE;SERRA DE SANTANA;-6,082716491;-36,65380365;0,609836817;MEDIO;63.732;3.020;21,1
240105;2401;RN;NE;SERRA DE SAO MIGUEL;-6,2643844;-38,39684786;0,606008402;MEDIO;63.915;972;65,8
230525;2305;CE;NE;SERRA DO PEREIRO;-5,910264838;-38,40177245;0,619940129;MEDIO;41.723;2.047;20,4
250107;2501;PB;NE;SERRA DO TEIXEIRA;-7,482508639;-37,67743891;0,577314531;BAIXO;114.380;2.617;43,7
330615;3306;RJ;SE;SERRANA;-22,33014209;-43,01749295;0,735659098;ALTO;466.084;1.785;261,2
270101;2701;AL;NE;SERRANA DO SERTAO ALAGOANO;-9,109737798;-37,7303722;0,516761257;BAIXO;82.151;2.612;31,4
270308;2703;AL;NE;SERRANA DOS QUILOMBOS;-9,13821612;-36,17620053;0,574063969;BAIXO;137.880;1.817;75,9
430732;4307;RS;S;SERRAS DO SUDESTE;-30,98923949;-53,16164665;0,672596305;MEDIO;108.094;15.042;7,2
290416;2904;BA;NE;SERRINHA;-11,46908513;-39,3536835;0,601307599;MEDIO;424.501;10.646;39,9
230418;2304;CE;NE;SERTAO DE CRATEUS;-5,328757054;-40,51576329;0,61600501;MEDIO;243.506;12.884;18,9
230420;2304;CE;NE;SERTAO DE INHAMUNS;-6,128673844;-40,149915;0,604429008;MEDIO;138.270;11.701;11,8
230419;2304;CE;NE;SERTAO DE QUIXERAMOBIM;-5,048759412;-39,29986922;0,629577033;MEDIO;274.858;11.954;23
230421;2304;CE;NE;SERTAO DE SENADOR POMPEU;-5,806751585;-39,58189149;0,602813468;MEDIO;204.876;9.728;21,1
260104;2601;PE;NE;SERTAO DO MOXOTO;-8,384514144;-37,58271638;0,595771923;BAIXO;235.285;8.872;26,5
310727;3107;MG;SE;SETE LAGOAS;-19,26178731;-44,088752;0,728492441;ALTO;421.620;8.575;49,2
510107;5101;MT;CO;SINOP;-11,62257318;-54,77925243;0,739423293;ALTO;258.849;50.150;5,2
230105;2301;CE;NE;SOBRAL;-3,750101379;-40,28541169;0,660886042;MEDIO;403.078;8.228;49
430113;4301;RS;S;SOLEDADE;-28,98193175;-52,57935591;0,691996422;MEDIO;66.240;3.607;18,4
351246;3512;SP;SE;SOROCABA;-23,44386438;-47,47032703;0,776877066;ALTO;1.571.728;4.199;374,3
250103;2501;PB;NE;SOUSA;-6,725480498;-37,90863817;0,622710459;MEDIO;183.470;4.802;38,2
260518;2605;PE;NE;SUAPE;-8,345281414;-35,08783134;0,664062261;MEDIO;302.148;967;312,4
140204;1402;RR;N;SUDESTE DE RORAIMA;0,310143411;-60,58609956;0,631634643;MEDIO;59.476;51.457;1,2
520513;5205;GO;CO;SUDOESTE DE GOIAS;-17,61630041;-51,86356573;0,738067837;ALTO;536.962;56.074;9,6
420517;4205;SC;S;TABULEIRO;-27,80056913;-49,11967343;0,69968168;MEDIO;27.042;2.349;11,5
510313;5103;MT;CO;TANGARA DA SERRA;-14,84910747;-57,80956829;0,713184797;ALTO;162.427;22.260;7,3
120102;1201;AC;N;TARAUACA;-8,863387579;-71,53534465;0,531673643;BAIXO;88.112;53.504;1,6
351143;3511;SP;SE;TATUI;-23,20188107;-47,88904928;0,753971194;ALTO;299.588;2.241;133,7
130305;1303;AM;N;TEFE;-4,166445057;-65,65201483;0,606361791;MEDIO;103.966;39.890;2,6
410519;4105;PR;S;TELEMACO BORBA;-24,29835185;-50,7061151;0,676272239;MEDIO;167.698;9.576;17,5
310415;3104;MG;SE;TEOFILO OTONI;-17,75312968;-41,46469409;0,645176935;MEDIO;258.874;11.609;22,3
220203;2202;PI;NE;TERESINA;-5,262209964;-42,62296542;0,720962236;ALTO;1.075.357;9.317;115,4
510520;5105;MT;CO;TESOURO;-16,03047882;-53,47993306;0,6913325;MEDIO;60.015;27.860;2,2
420515;4205;SC;S;TIJUCAS;-27,37443464;-48,97073426;0,73993132;ALTO;122.729;2.133;57,5
280205;2802;SE;NE;TOBIAS BARRETO;-10,95493142;-37,97624213;0,57511586;BAIXO;115.277;2.026;56,9
410622;4106;PR;S;TOLEDO;-24,62479484;-53,74951128;0,750192865;ALTO;438.986;8.749;50,2
150412;1504;PA;N;TOME-ACU;-2,388498976;-48,56816849;0,55922737;BAIXO;307.103;23.715;12,9
270207;2702;AL;NE;TRAIPU;-9,957104905;-36,9183364;0,535966038;BAIXO;34.450;938;36,7
500307;5003;MS;CO;TRES LAGOAS;-20,45457755;-53,13852293;0,721416692;ALTO;190.649;47.259;4
310624;3106;MG;SE;TRES MARIAS;-18,76825655;-45,21947979;0,709017591;ALTO;99.371;10.510;9,5
430102;4301;RS;S;TRES PASSOS;-27,52177234;-53,94982988;0,729000398;ALTO;140.587;3.863;36,4
330305;3303;RJ;SE;TRES RIOS;-22,10360918;-43,03143637;0,70806006;ALTO;158.707;1.654;96
420618;4206;SC;S;TUBARAO;-28,26239559;-49,09690837;0,763019621;ALTO;435.152;4.635;93,9
150616;1506;PA;N;TUCURUI;-4,552713594;-49,87571803;0,592377295;BAIXO;299.164;32.878;9,1
350937;3509;SP;SE;TUPA;-21,89421626;-50,45694773;0,756650194;ALTO;113.034;2.304;49,1
311264;3112;MG;SE;UBA;-21,11614591;-43,02271478;0,699283899;MEDIO;277.109;3.586;77,3
310522;3105;MG;SE;UBERABA;-19,65587774;-48,11251516;0,760656792;ALTO;397.400;9.374;42,4
310518;3105;MG;SE;UBERLANDIA;-18,96424892;-48,58291977;0,776196637;ALTO;943.199;18.769;50,3
240107;2401;RN;NE;UMARIZAL;-6,168554151;-37,79880241;0,610056467;MEDIO;61.718;1.621;38,1
250319;2503;PB;NE;UMBUZEIRO;-7,61110822;-35,76831422;0,544259696;BAIXO;52.623;1.174;44,8
410102;4101;PR;S;UMUARAMA;-23,73974977;-53,39739124;0,723251241;ALTO;289.980;10.232;28,3
310101;3101;MG;SE;UNAI;-16,06255365;-46,4565558;0,702662955;ALTO;158.528;27.404;5,8
410933;4109;PR;S;UNIAO DA VITORIA;-26,14448535;-51,25056046;0,705974562;ALTO;113.177;5.502;20,6
230210;2302;CE;NE;URUBURETAMA;-3,657015668;-39,47613999;0,61729229;MEDIO;99.497;1.049;94,9
430215;4302;RS;S;VACARIA;-28,77194765;-50,60588931;0,705769852;ALTO;160.966;17.265;9,3
240104;2401;RN;NE;VALE DO ACU;-5,678707016;-36,87634526;0,634142853;MEDIO;143.133;4.774;30
260307;2603;PE;NE;VALE DO IPANEMA;-8,857567003;-37,10096402;0,533317212;BAIXO;193.281;5.478;35,3
260308;2603;PE;NE;VALE DO IPOJUCA;-8,247826231;-36,18747664;0,630378464;MEDIO;934.829;7.855;119
330511;3305;RJ;SE;VALE DO PARAIBA FLUMINENSE;-22,55703649;-44,25875886;0,748722253;ALTO;695.231;3.825;181,8
520514;5205;GO;CO;VALE DO RIO DOS BOIS;-17,29032405;-50,19371253;0,698527954;MEDIO;129.337;13.600;9,5
290730;2907;BA;NE;VALENCA;-13,60581463;-39,25357492;0,591909261;BAIXO;262.281;5.746;45,6
220206;2202;PI;NE;VALENCA DO PIAUI;-6,114411049;-41,82374285;0,595477707;BAIXO;102.678;13.427;7,6
520411;5204;GO;CO;VAO DO PARANA;-14,1062664;-46,51828291;0,640122719;MEDIO;109.649;17.454;6,3
311050;3110;MG;SE;VARGINHA;-21,39247849;-45,45214022;0,729550076;ALTO;460.491;7.606;60,5
230627;2306;CE;NE;VARZEA ALEGRE;-6,640216701;-39,62339637;0,608909721;MEDIO;94.695;3.479;27,2
330614;3306;RJ;SE;VASSOURAS;-22,47398127;-43,5864699;0,715745474;ALTO;161.292;1.564;103,1
311262;3112;MG;SE;VICOSA;-20,76801954;-43,02986539;0,676315015;MEDIO;223.018;4.825;46,2
110207;1102;RO;N;VILHENA;-12,02455568;-60,560534;0,71363808;ALTO;152.611;26.763;5,7
320309;3203;ES;SE;VITORIA;-20,25729116;-40,40051497;0,768594308;ALTO;1.738.173;1.447;1201,2
290628;2906;BA;NE;VITORIA DA CONQUISTA;-14,6339304;-40,6177659;0,627805741;MEDIO;672.694;18.758;35,9
260414;2604;PE;NE;VITORIA DE SANTO ANTAO;-8,146472471;-35,34149033;0,624308273;MEDIO;224.535;945;237,5
350103;3501;SP;SE;VOTUPORANGA;-20,29791202;-49,90112075;0,765145522;ALTO;156.169;3.201;48,8
410418;4104;PR;S;WENCESLAU BRAZ;-23,62821095;-49,8094153;0,699537482;MEDIO;108.746;3.161;34,4
420103;4201;SC;S;XANXERE;-26,73268531;-52,30805669;0,737625537;ALTO;167.229;4.803;34,8
170105;1701;TO;N;GURUPI;-11,29090035;-49,7227776;0,620397119;MEDIO;379.934;49.152;7,7
